<?xml version="1.0" encoding="UTF-8"?>
<metadata>
	<idinfo>
		<citation>
			<citeinfo>
				<origin>Traffic-Roadway Section, Oregon Department of Transportation (ODOT)</origin>
				<title>Safety Priority Index System (SPIS) 2012-2014</title>
				<edition>2012-2014</edition>
			</citeinfo>
		</citation>
		<descript>
			<abstract>The Safety Priority Index System (SPIS) is a method originally developed in 1986 by the Oregon Department of Transportation (ODOT) for identifying potential safety problems on state highways. SPIS complies with the Federal Highway Safety Improvement Program (HSIP) and has been accepted by the Federal Highway Administration (FHWA) as fulfilling the requirements of the HSIP.  SPIS has been recognized as an effective problem identification tool for evaluating state highways for segments with higher crash histories.</abstract>
			<purpose>The basic purpose of the SPIS program is to perform network screening on the state highway network and to identify and prioritize those sites that have promise as sites for potential safety improvements and merit further investigation. The process of conducting detailed engineering studies is an expensive one, therefore, only the sites with the highest ranking (top 5%) are investigated. The best candidates for safety projects will most likely be sites that rank high in terms of safety cost-effectiveness (see the Highway Safety Program Guide for more information on project selection).</purpose>
			<supplinf>The SPIS is a method of identifying potential locations that have exhibited high instances of crash activity for further investigation.  Locations that exhibit a high number of crashes may or may not have remedies to reduce the frequency of crashes.  A careful investigation is required to determine the causes or root problem of the crashes and even then a relatively high occurrence of crashes may only be due to the sporadic nature of crashes. The goal of investigating these locations is to systematically investigate sites where there is potential to reduce the risk, occurrence and/or severity of crashes and apply limited safety money to produce the highest benefit. 

The SPIS score is based on three years of crash data and considers crash frequency, crash rate, and crash severity.  A roadway segment becomes a SPIS site if a location has three or more crashes or one or more fatal crashes over the three year period.  SPIS sites are 0.10 mile sections on the state highway system. The priority index has three parameters and associated Indicator Values (IV):

Crash frequency indicator value (IVFreq) 25% of SPIS score

Crash rate indicator value (IVRate) 25% of SPIS score

Crash severity indicator value (IVSeverity) 50% of SPIS score</supplinf>
		</descript>
		<timeperd>
			<timeinfo>
				<sngdate>
					<caldate>20160930</caldate>
				</sngdate>
			</timeinfo>
			<current>publication date</current>
		</timeperd>
		<status>
			<progress>Complete</progress>
			<update>Annually</update>
		</status>
		<spdom>
			<bounding>
				<westbc>-124.500260</westbc>
				<eastbc>-116.774660</eastbc>
				<northbc>46.224070</northbc>
				<southbc>41.918220</southbc>
			</bounding>
		</spdom>
		<keywords>
			<theme>
				<themekt>SPIS</themekt>
				<themekey>Safety</themekey>
				<themekey>Accidents</themekey>
				<themekey>Safety Index</themekey>
				<themekey>Crash</themekey>
				<themekey>Crash Data</themekey>
				<themekey>Transportation</themekey>
				<themekey>Safety Priority Index System</themekey>
				<themekey>spis_2012_14</themekey>
				<themekey>SPIS</themekey>
				<themekey>spis</themekey>
			</theme>
			<place>
				<placekt>Oregon</placekt>
				<placekey>United States</placekey>
				<placekey>US</placekey>
				<placekey>USA</placekey>
				<placekey>Pacific Northwest</placekey>
				<placekey>Oregon</placekey>
				<placekey>OR</placekey>
			</place>
			<temporal>
				<tempkt>2015</tempkt>
				<tempkey>2015</tempkey>
			</temporal>
		</keywords>
		<ptcontac>
			<cntinfo>
				<cntorgp>
					<cntorg>Traffic-Roadway Section, Oregon Department of Transportation (ODOT)</cntorg>
				</cntorgp>
				<cntpos>Highway Safety Engineering Coordinator</cntpos>
				<cntaddr>
					<addrtype>mailing and physical address</addrtype>
					<address>355 Capitol Street NE, 5th Floor</address>
					<city>Salem</city>
					<state>OR</state>
					<postal>97301-3871</postal>
					<country>United States of America</country>
				</cntaddr>
				<cntvoice>503.986.3568</cntvoice>
				<cntfax>503.986.4063</cntfax>
				<cntemail>TEOS.Info@odot.state.or.usTimothy.W.Burks@odot.state.or.us</cntemail>
				<hours>Monday through Friday, 8:00 AM to 5:00 PM.</hours>
				<cntinst>Call, email, or write.</cntinst>
			</cntinfo>
		</ptcontac>
		<datacred>Traffic-Roadway Section, Oregon Department of Transportation (ODOT)</datacred>
		<native>Windows 7 Enterprise SP1, ArcGIS v10.2.2</native>
	</idinfo>
	<spref>
		<horizsys>
			<planar>
				<mapproj>
					<mapprojn>Lambert Conformal Conic</mapprojn>
					<lambertc>
						<stdparll>43.000000</stdparll>
						<stdparll>45.500000</stdparll>
						<longcm>-120.500000</longcm>
						<latprjo>41.750000</latprjo>
						<feast>400000.000000</feast>
						<fnorth>0.000000</fnorth>
					</lambertc>
				</mapproj>
				<planci>
					<plance>Coordinate Pair</plance>
					<coordrep>
						<absres>0.004096</absres>
						<ordres>0.004096</ordres>
					</coordrep>
					<plandu>International Feet</plandu>
				</planci>
			</planar>
			<geodetic>
				<horizdn>North American Datum of 1983</horizdn>
				<ellips>Geodetic Reference System 80</ellips>
				<semiaxis>6378137.000000</semiaxis>
				<denflat>298.257000</denflat>
			</geodetic>
		</horizsys>
	</spref>
	<eainfo>
		<overview>
			<eaover>spis_2012_14 contains Shape, HWYNUMB, MP, RECORD_KEY, PERCENTILE, SPIS_SCORE, DATA_YR, LRS_KEY, GIS_PRC_DT and EFFECTV_DT.</eaover>
		</overview>
		<detailed>
			<attr>
				<attrlabl>HWYNUMB</attrlabl>
				<attrdef>Designated State Highway number.</attrdef>
				<attrdefs>TransInfo (TI) database, Oregon Department of Transportation (ODOT)</attrdefs>
			</attr>
			<attr>
				<attrlabl>MP</attrlabl>
				<attrdef>A number that represents the distance in miles from the original beginning of the highway.</attrdef>
				<attrdefs>TransInfo (TI) database, Oregon Department of Transportation (ODOT)</attrdefs>
				<attrvai>
					<attrva>0.010000</attrva>
					<attrvae>TransInfo measurements are based on features located to +/- 0.01 mile.</attrvae>
				</attrvai>
			</attr>
			<attr>
				<attrlabl>RECORD_KEY</attrlabl>
				<attrdef>Unique ID</attrdef>
				<attrdefs>Traffic-Roadway Section, Oregon Department of Transportation (ODOT)</attrdefs>
			</attr>
			<attr>
				<attrlabl>PERCENTILE</attrlabl>
				<attrdef>The percentile of the SPIS site, relative to the entire list</attrdef>
				<attrdefs>Traffic-Roadway Section, Oregon Department of Transportation (ODOT)</attrdefs>
			</attr>
			<attr>
				<attrlabl>SPIS_SCORE</attrlabl>
				<attrdef>Composite score based on rate, frequency, and severity of crashes. For SPIS groups, the maximum value in the group is reported</attrdef>
				<attrdefs>Traffic-Roadway Section, Oregon Department of Transportation (ODOT)</attrdefs>
			</attr>
			<attr>
				<attrlabl>DATA_YR</attrlabl>
				<attrdef>Date range of data collection</attrdef>
				<attrdefs>Traffic-Roadway Section, Oregon Department of Transportation (ODOT)</attrdefs>
			</attr>
			<attr>
				<attrlabl>LRS_KEY</attrlabl>
				<attrdef>Linear Reference System highway identifier.  This is a representation of elements contained in the ITIS database used to identify a highway, connection or frontage road.  The first nine characters are the inventory route numbers and the last three characters are the sub-route numbers.</attrdef>
				<attrdefs>TransInfo (TI) database, Oregon Department of Transportation (ODOT)</attrdefs>
				<attrdomv>
					<udom>The twelve digit alphanumeric string is broken down into its components as:

1:         Place holder 0 (zero)

2-4:      Hwy Number 001 to 499

5-6:      Hwy Suffix 00 (zero zero), AA-ZZ (alphabetic characters)

7:         Roadway Identifier (1-5)

8:         Mileage Type (Z,T,Y)

9:         Overlap Mileage Code (0-9)

10:       Jurisdiction Code (S)

11-12:  Two Place holders 00 (zero zero)</udom>
				</attrdomv>
			</attr>
			<attr>
				<attrlabl>GIS_PRC_DT</attrlabl>
				<attrdef>The date that the data was processed.</attrdef>
				<attrdefs>Geographic Information Service Unit, Oregon Department of Transportation (ODOT)</attrdefs>
			</attr>
			<attr>
				<attrlabl>EFFECTV_DT</attrlabl>
				<attrdef>This date or time period in which the data extract is relevant or current.</attrdef>
				<attrdefs>Geographic Information Services Unit, Oregon Department of Transportation (ODOT)</attrdefs>
			</attr>
			<attr>
				<attrlabl>Shape</attrlabl>
				<attrdef>Feature Geometry</attrdef>
				<attrdefs>Environmental Systems Research Institute (ESRI)</attrdefs>
				<attrdomv>
					<edom>
						<edomv>Polyline</edomv>
						<edomvd>Polylines are sets of coordinate pairs that define a shape.These types of features represent an ordered collection of paths that can be disjoint or connected. These features may also contain an optional altitude (z) or measure (m) values.</edomvd>
						<edomvds>Environmental Systems Research Institute (ESRI)</edomvds>
					</edom>
				</attrdomv>
			</attr>
		</detailed>
	</eainfo>
	<distinfo>
		<distrib>
			<cntinfo>
				<cntorgp>
					<cntorg>Geographic Information Services (GIS) Unit, Oregon Department of Transportation (ODOT)</cntorg>
				</cntorgp>
				<cntaddr>
					<addrtype>mailing and physical address</addrtype>
					<address>555 13th St. NE, Suite #2</address>
					<city>Salem</city>
					<state>OR</state>
					<postal>97301-4178</postal>
					<country>USA</country>
				</cntaddr>
				<cntvoice>503.986.3154</cntvoice>
				<cntfax>503.986.4249</cntfax>
				<cntemail>ODOTGISFramework@odot.state.or.us</cntemail>
				<hours>Monday through Friday, 8:00 AM to 5:00 PM.</hours>
				<cntinst>Call, email, or write.</cntinst>
			</cntinfo>
		</distrib>
		<distliab>This product is for informational purposes and may not have been prepared for legal, engineering or surveying purposes. Users of this information should review or consult the primary data and information sources to ascertain the usability of the information.</distliab>
	</distinfo>
	<metainfo>
		<metd>20160930</metd>
		<metrd>20160930</metrd>
		<metc>
			<cntinfo>
				<cntorgp>
					<cntorg>Geographic Information Services (GIS) Unit, Oregon Department of Transportation (ODOT)</cntorg>
				</cntorgp>
				<cntaddr>
					<addrtype>mailing and physical address</addrtype>
					<address>555 13th St. NE, Suite #2</address>
					<city>Salem</city>
					<state>OR</state>
					<postal>97301-4178</postal>
					<country>USA</country>
				</cntaddr>
				<cntvoice>503.986.3154</cntvoice>
				<cntfax>503.986.4249</cntfax>
				<cntemail>ODOTGISFramework@odot.state.or.us</cntemail>
				<hours>Monday through Friday, 8:00 AM to 5:00 PM.</hours>
				<cntinst>Call, email, or write.</cntinst>
			</cntinfo>
		</metc>
		<metstdn>FGDC Content Standards for Digital Geospatial Metadata</metstdn>
		<metstdv>FGDC-STD-001-1998</metstdv>
		<mettc>local time</mettc>
		<metac>none</metac>
		<metuc>none</metuc>
	</metainfo>
</metadata>

